<?xml version="1.0" encoding="UTF-8"?>
<project-private xmlns="http://www.netbeans.org/ns/project-private/1">
    <editor-bookmarks xmlns="http://www.netbeans.org/ns/editor-bookmarks/2" lastBookmarkId="0"/>
    <open-files xmlns="http://www.netbeans.org/ns/projectui-open-files/2">
        <group>
            <file>file:/C:/Users/IT%20BD/Documents/NetBeansProjects/JobPortal/web/META-INF/context.xml</file>
            <file>file:/C:/Users/IT%20BD/Documents/NetBeansProjects/JobPortal/web/WEB-INF/web.xml</file>
            <file>file:/C:/Users/IT%20BD/Documents/NetBeansProjects/JobPortal/src/java/com/auction/util/DBConnection.java</file>
            <file>file:/C:/Users/IT%20BD/Documents/NetBeansProjects/JobPortal/web/register.jsp</file>
            <file>file:/C:/Users/IT%20BD/Documents/NetBeansProjects/JobPortal/src/java/com/auction/controller/RegisterServlet.java</file>
            <file>file:/C:/Users/IT%20BD/Documents/NetBeansProjects/JobPortal/web/login.jsp</file>
            <file>file:/C:/Users/IT%20BD/Documents/NetBeansProjects/JobPortal/src/java/com/auction/controller/LoginServlet.java</file>
            <file>file:/C:/Users/IT%20BD/Documents/NetBeansProjects/JobPortal/web/seller/dashboard.jsp</file>
            <file>file:/C:/Users/IT%20BD/Documents/NetBeansProjects/JobPortal/web/seller/addProduct.jsp</file>
            <file>file:/C:/Users/IT%20BD/Documents/NetBeansProjects/JobPortal/src/java/com/auction/controller/AddProductServlet.java</file>
            <file>file:/C:/Users/IT%20BD/Documents/NetBeansProjects/JobPortal/web/admin/dashboard.jsp</file>
            <file>file:/C:/Users/IT%20BD/Documents/NetBeansProjects/JobPortal/src/java/com/auction/controller/ApproveProductServlet.java</file>
            <file>file:/C:/Users/IT%20BD/Documents/NetBeansProjects/JobPortal/web/buyer/dashboard.jsp</file>
            <file>file:/C:/Users/IT%20BD/Documents/NetBeansProjects/JobPortal/web/buyer/viewProducts.jsp</file>
            <file>file:/C:/Users/IT%20BD/Documents/NetBeansProjects/JobPortal/web/buyer/placeBid.jsp</file>
            <file>file:/C:/Users/IT%20BD/Documents/NetBeansProjects/JobPortal/src/java/com/auction/controller/PlaceBidServlet.java</file>
            <file>file:/C:/Users/IT%20BD/Documents/NetBeansProjects/JobPortal/web/buyer/mybids.jsp</file>
            <file>file:/C:/Users/IT%20BD/Documents/NetBeansProjects/JobPortal/src/java/com/auction/controller/MyBidsServlet.java</file>
            <file>file:/C:/Users/IT%20BD/Documents/NetBeansProjects/JobPortal/web/admin/liveBids.jsp</file>
            <file>file:/C:/Users/IT%20BD/Documents/NetBeansProjects/JobPortal/web/buyer/liveBids.jsp</file>
            <file>file:/C:/Users/IT%20BD/Documents/NetBeansProjects/JobPortal/web/seller/viewMyProducts.jsp</file>
            <file>file:/C:/Users/IT%20BD/Documents/NetBeansProjects/JobPortal/web/logout.jsp</file>
            <file>file:/C:/Users/IT%20BD/Documents/NetBeansProjects/JobPortal/web/admin/viewUsers.jsp</file>
            <file>file:/C:/Users/IT%20BD/Documents/NetBeansProjects/JobPortal/src/java/com/auction/controller/BlockUserServlet.java</file>
            <file>file:/C:/Users/IT%20BD/Documents/NetBeansProjects/JobPortal/web/admin/viewPendingProducts.jsp</file>
            <file>file:/C:/Users/IT%20BD/Documents/NetBeansProjects/JobPortal/web/buyer/recharge.jsp</file>
            <file>file:/C:/Users/IT%20BD/Documents/NetBeansProjects/JobPortal/src/java/com/auction/controller/RechargeWalletServlet.java</file>
            <file>file:/C:/Users/IT%20BD/Documents/NetBeansProjects/JobPortal/src/java/com/auction/controller/DeclareWinnerServlet.java</file>
            <file>file:/C:/Users/IT%20BD/Documents/NetBeansProjects/JobPortal/web/admin/cron.jsp</file>
            <file>file:/C:/Users/IT%20BD/Documents/NetBeansProjects/JobPortal/web/winnerSuccess.jsp</file>
            <file>file:/C:/Users/IT%20BD/Documents/NetBeansProjects/JobPortal/web/index.jsp</file>
        </group>
    </open-files>
</project-private>
